Dates,QQQ,SPY,TLT,GLD,EEM
2015-12-04,0.0072609570466275475,0.00028631418209590365,-0.003223939819790078,0.027358024691358063,-0.001767825574543136
2015-12-11,-0.0377800937988535,-0.03692395763763001,0.026372532758334843,-0.008748317631224745,-0.06877213695395523
2015-12-18,-0.008665041971297138,-0.009213394095502259,-0.004282482223658679,-0.010377266996411505,0.034865293185419866
2015-12-25,0.025129745971046225,0.02829717028297174,-0.011360869918039529,0.00989807918463348,0.010719754977029039
2016-01-01,-0.006483701927347041,-0.008800077790742877,-0.01026019863744565,-0.015429403202328995,-0.024545454545454648
2016-01-08,-0.07017700697300189,-0.05861578456859773,0.0230552330403051,0.04159274590971829,-0.0832556694625659
2016-01-15,-0.030477838669358714,-0.02141517298874529,0.01937418936446167,-0.015140045420136361,-0.03558115892917657
2016-01-22,0.02905593018643393,0.014429476598690316,-0.0032604373757455507,0.008839354342813133,0.03056921995783557
2016-01-29,0.003469210754553309,0.016796136888515667,0.015637466092229158,0.018571428571428683,0.042277531537674884
2016-02-05,-0.05771631614328232,-0.02978525707206281,0.01115475255302445,0.05021037868162681,-0.018318613019299934
2016-02-12,-0.0010191602119854482,-0.00702314445331198,0.02159726538222495,0.05377492877492873,-0.022992335888037396
2016-02-19,0.0368292185268313,0.02877350908214127,-0.0037262357414449276,-0.006590064210882041,0.03137789904502042
2016-02-26,0.017711305716816117,0.016093750000000018,-0.004579803068468058,-0.00399727844871578,-0.005952380952380931
2016-03-04,0.021657159431499595,0.027371982162079034,-0.01387930373437618,0.029288702928870425,0.09181636726546905
2016-03-11,0.007760007570739136,0.01162500623659124,-0.009642301710730883,-0.009374481499917153,0.009750152346130525
2016-03-18,0.008263686731148523,0.007989741566383879,0.01334798994974884,0.0032660581190855353,0.02685576342788165
2016-03-25,-0.0010244947378225122,-0.0061649867893139865,0.003719200371919973,-0.028964941569282088,-0.019688510138113458
2016-04-01,0.028901734104046284,0.0187081528160693,0.008800370541917735,0.005157740909481623,0.023681055155875264
2016-04-08,-0.01232330554548744,-0.011695341194664532,0.010177532904805497,0.012828187804669433,-0.02254758418740843
2016-04-15,0.015045871559633106,0.01603911980440098,-0.0009847738807665651,-0.004306341298657479,0.03565008987417606
2016-04-22,-0.015003615328994857,0.005727211473674165,-0.026690931149529695,-0.0002544097693351066,-0.0008678044547295594
2016-04-29,-0.029913745641402145,-0.01263339235296923,0.007946400747896432,0.048859105946221115,-0.004342790966994747
2016-05-06,-0.0013242527430950002,-0.00295642902147053,0.008270211779254799,-0.0038010513546300473,-0.045362023844140786
2016-05-13,-0.0007577192650123354,-0.004666537040637797,0.014028363357608375,-0.011933755479785813,-0.01705756929637514
2016-05-20,0.009194312796208415,0.0035651494432507036,-0.016102207438766225,-0.016432503491906947,-0.00185931205453993
2016-05-27,0.03437588052972673,0.02311548007202302,-0.0023050326546293354,-0.0341659009272407,0.027010245265445487
2016-06-03,-0.0006356124580041422,0.00019025875190248343,0.02603003465537146,0.02819581387303227,0.0241837968561065
2016-06-10,-0.010176267490459745,-0.0009986684420772995,0.011634016362681132,0.024057873485868075,-0.010330578512396715
2016-06-17,-0.022489443730493885,-0.01689912886180789,0.0061581837067814504,0.01815344176113043,-0.007754249925439827
2016-06-24,-0.020659216827871085,-0.016414875072632285,0.0012535948676350994,0.01661960467930612,-0.018935978358881944
2016-07-01,0.03634097228880995,0.033426869492443334,0.035277655030195865,0.019046107451789362,0.06280637254901955
2016-07-08,0.02054034048852693,0.013004954268292845,0.021555097104645426,0.01643174207616238,-0.0054770827327759175
2016-07-15,0.013599274705349051,0.014954150011756484,-0.03628133704735381,-0.028194912657064086,0.034492753623188266
2016-07-22,0.016547406082289884,0.006532919427327144,0.0029626418093795515,-0.00386313465783672,0.007845334827682793
2016-07-29,0.013902331720193617,-0.0005523844595839433,0.019884726224783877,0.020815195884448023,0.006672226855713115
2016-08-05,0.013451358153258708,0.004882092851879127,-0.025148346990675363,-0.011086990231043536,0.011322838994752837
2016-08-12,0.0035965062510703305,0.001283344027867006,0.015072463768116107,-0.0011760094080751626,0.0234844347351173
2016-08-19,0.0005119453924915529,0.00036619976197016513,-0.00978012564249009,0.004474097331240046,0.0032017075773747017
2016-08-26,-0.004093467508101689,-0.005719776699917634,-0.0025232499459303392,-0.015003516449167753,-0.022340425531914954
2016-09-02,0.002911457441342691,0.00497031616733401,0.0019514310494361808,0.004125347084490194,0.017682263329706238
2016-09-09,-0.02424863387978149,-0.02330906260017407,-0.022433816634206072,0.001422137947380886,-0.018711574445335333
2016-09-16,0.026338816940847165,0.0004219804951237638,-0.005681818181818232,-0.013333333333333308,-0.005448106782892981
2016-09-23,0.008866911075112949,0.0122791395228945,0.015361781076066672,0.020710059171597628,0.03067652697890999
2016-09-30,0.003295867489224946,0.0014352516320199626,0.005043122350533613,-0.015746180963572276,-0.00478341748604838
2016-10-07,-0.0021057951482479353,-0.005825242718446644,-0.026107192204203322,-0.04695956701687365,0.0064085447263015904
2016-10-14,-0.011226470836498637,-0.008928571428571397,-0.017398446833930548,-0.0031735426757975027,-0.02149111170071627
2016-10-21,0.008622161516134597,0.004035285285285184,0.013070902044228339,0.012315683646112685,0.019522776572667988
2016-10-28,-0.008887008040626365,-0.006729600897280141,-0.021453754407021353,0.006207067781180076,-0.017819148936170204
2016-11-04,-0.029461998292057978,-0.0187729368589441,0.009888846301264964,0.023112354005593083,-0.027078256160303238
2016-11-11,0.018917729872415245,0.03773675377607266,-0.07362987703051471,-0.05860599726666138,-0.03840801558586149
2016-11-18,0.013126079447322914,0.009610941687459684,-0.009750901343821838,-0.016652433817250123,0.001157742402315698
2016-11-25,0.012615069894306163,0.013821510297482797,-0.00024824162184522436,-0.02205818497611811,0.0190806591500432
2016-12-02,-0.02609427609427606,-0.008306247742867479,-0.010097665949346135,-0.004173696829766427,-0.0036879432624113972
2016-12-09,0.032843560933448535,0.031090677348871054,-0.01755852842809358,-0.015516318887105363,0.029897494305239247
2016-12-16,0.0008368200836819106,-0.006489779700675435,-0.0030638297872340736,-0.021286231884058093,-0.028200165883328854
2016-12-23,0.0050167224080268635,0.00297724848915748,0.007768482158101442,-0.0011105969458583553,-0.024751066856329995
2016-12-30,-0.01430948419301159,-0.009658411235656361,0.009148665819567858,0.015565644399147427,0.02129521586931138
2017-01-06,0.029118838622552268,0.016463114570751225,0.014521950810039597,0.01952376607973716,0.0265638389031706
2017-01-13,0.010087755269416743,-0.0007041943576426846,0.0037233162336587355,0.022013422818791817,0.02058987200890372
2017-01-20,0.0007307567392009773,-0.001365338031270702,-0.011293380595169489,0.007354872603099638,-0.0070883315158123406
2017-01-27,0.020689655172413834,0.00983505336508772,-0.0025846256461564687,-0.013559322033898313,0.028830313014826858
2017-02-03,-0.000953895071542088,0.0016159322181945601,-0.0052662375658278915,0.02326196140629122,0.0074726447824926545
2017-02-10,0.013526416295353227,0.009461934246097536,0.01478991596638668,0.012658227848101333,0.012450331125827718
2017-02-17,0.019076778144135664,0.015463694872791756,-0.0036435905929116386,0.0006802721088436936,0.004447933019361638
2017-02-24,0.003466605038132675,0.007018588625632871,0.014045877659574657,0.017165193745751095,0.002344360510549537
2017-03-03,0.005834484876401147,0.007096392667060858,-0.021801491681009866,-0.01829573934837092,-0.007536382536382558
2017-03-10,0.002823996336436929,-0.003061823672510622,-0.017595307917888547,-0.02374266019913207,-0.004713275726630051
2017-03-17,0.002283278788340226,-0.0027767259876309014,0.011855010660980714,0.01978730822873076,0.038937121810050046
2017-03-24,-0.008049206469739612,-0.013373834535712725,0.018880647336479983,0.015984272160013635,0.008103317295517831
2017-03-31,0.013396616397458372,0.008038997690926086,-0.001406353408338834,-0.0011778563015312216,-0.010550113036925435
2017-04-07,-0.0030971445837739697,-0.0022906592008145044,0.0,0.0062331536388140485,-0.0005077430820006334
2017-04-14,-0.011896643176479427,-0.011437074829931948,0.022864717090547604,0.0262849489368826,-0.005842011684023318
2017-04-21,0.016564417177914015,0.008945851791320791,0.0005669393374909681,-0.002365415986949393,0.0038323965252937686
2017-04-28,0.025875075437537864,0.014877019480796339,-0.00963250768981716,-0.012590957403319503,0.019597862051412562
2017-05-05,0.011397896904183913,0.006804435483870774,-0.008663669799754747,-0.03113355965885556,0.0032451323015476596
2017-05-12,0.007706848916678721,-0.003003754693366667,0.0008244702778463786,-0.0015383300572601177,0.025628265737745792
2017-05-19,-0.0054834054834054236,-0.0028035818896978704,0.01911195320866632,0.021997774544209703,-0.001698204754973287
2017-05-26,0.024521183981427663,0.014267131047794868,-0.0018591868078570162,0.009547738693467256,0.01433778857837198
2017-06-02,0.01586177595241467,0.01017748541640806,0.01733074182053773,0.008876721420275402,0.00047915668423570423
2017-06-09,-0.024257632789627892,-0.0031125854937134045,-0.009711829326540355,-0.008798618534659908,-0.0035919540229885083
2017-06-16,-0.01307329618516917,-0.0031633868781069108,0.015675241157556252,-0.009955201592832252,-0.009372746935832788
2017-06-23,0.022366992399565744,0.0020194526871084584,0.011317768104471826,0.0007541478129713397,0.00679281901989337
2017-06-30,-0.02548853016142749,-0.005470324517747649,-0.020817029269056153,-0.01180607887465468,-0.002650602409638547
2017-07-07,0.0008718395815170421,0.0012820512820512775,-0.019181585677749413,-0.02321640399932212,-0.00628171055810578
2017-07-14,0.03164924506387923,0.01424972120110679,0.004970664928292123,0.0129250520471893,0.05567712132263547
2017-07-21,0.01400225161835067,0.0053754683173155016,0.01913565231492753,0.02132397019782495,0.0048364808843850415
2017-07-28,-0.0018735688016099372,0.00012151652624758924,-0.014320948365025066,0.011990608753982723,0.002750401100160449
2017-08-04,-0.0013209121245828515,0.002025029362925812,0.008394543546694777,-0.008617118236805,0.004571428571428671
2017-08-11,-0.010790114862513134,-0.013297764843781534,0.012006723765308536,0.02624320936063529,-0.023435722411831672
2017-08-18,-0.00612244897959191,-0.0057758479436342824,0.0015028078778771548,-0.003990552976626871,0.01747437092264681
2017-08-25,0.005239679954683885,0.0076222652548307845,0.005528352550939752,0.0035977105478330884,0.028852759331348787
2017-09-01,0.02838627879129385,0.013411841674844549,-0.004476908576814265,0.027049046765520668,0.005119074115290445
2017-09-08,-0.012260273972602653,-0.005083925112976062,0.01775147928994092,0.015151515151515138,-0.005978742249778457
2017-09-15,0.012828513972678701,0.0105848000648876,-0.016589147286821704,-0.019066968820817376,0.015593673423925258
2017-09-22,-0.01191291250171167,0.001003250531722788,-0.005202585527352976,-0.01824265115908552,-0.004606273305549524
2017-09-29,0.007829822616407967,0.007176074406670896,-0.011410459587955613,-0.013469652710158986,-0.012560599382988147
2017-10-06,0.015194224819525592,0.012498507343868148,-0.0093780057710805,-0.0040302681362065496,0.018299486721713887
2017-10-13,0.004605174048489813,0.0022801430986358895,0.018286269115624254,0.02254521430341061,0.022572868726714823
2017-10-20,0.002494269920453096,0.008472249460678594,-0.01485895907826773,-0.017848489743175544,-0.00857265323617662
2017-10-27,0.01701297827987358,0.0023336315195829904,-0.005968704629779054,-0.00583833566318559,-0.0025940337224383825
2017-11-03,0.013422375033059986,0.0028714446470838872,0.019474196689386547,-0.0023159636062861644,0.004334633723450443
2017-11-10,0.0026750179421934916,-0.0013929193267556705,-0.012257242916268729,0.004228154534902995,-0.0010789814415193
2017-11-17,0.0017568974492450096,-0.0008911619977525209,0.018452860596293252,0.014282176174358119,0.011449557139771027
2017-11-24,0.015004871711594703,0.009695183432870458,0.0032439275259117384,-0.004395246622171611,0.01900897052541639
2017-12-01,-0.011327275054396457,0.01574742664003681,-0.0019716088328075587,-0.005967952910398866,-0.039195137287780235
2017-12-08,0.001359311282283615,0.003970354685018496,0.0011062821019360847,-0.025577761329056647,0.0021815008726002727
2017-12-15,0.01906916612798981,0.0037663364845015312,0.013102849475096656,0.005908170155300541,0.005006530256856934
2017-12-22,-0.0017760862670472832,0.0037522044200968274,-0.027892481495909616,0.014767578452760555,0.007147498375568606
2017-12-29,-0.010230666581940717,-0.002429815707823968,0.01675082151158125,0.02240780552340005,0.013333333333333197
2018-01-05,0.039548022598870025,0.024582177921007364,-0.009065111146145388,0.013586736756975304,0.04265704584040764
2018-01-12,0.015872035573122556,0.016458196181698526,-0.009466231803356928,0.013005665044283132,0.007734581721962064
2018-01-19,0.0112468843090765,0.008959412780656262,-0.01172502409251519,-0.0042533081285444085,0.01878408402342968
2018-01-26,0.02759408440543476,0.022003494882493424,0.004306842190801241,0.01305173232083523,0.032513877874702724
2018-02-02,-0.036974199964897925,-0.03883732291157793,-0.03244599077595278,-0.013117826188802972,-0.05817972350230416
2018-02-09,-0.05169795273677191,-0.0506444000726084,-0.013714668004683017,-0.012817469736529863,-0.05361875637104985
2018-02-16,0.05675848814862272,0.044397705544933164,0.006528743428862116,0.025567043359781882,0.06721240844463594
2018-02-23,0.019459262851600156,0.00585844531507429,-0.004885856288433965,-0.014223194748358758,0.0036334275333063104
2018-03-02,-0.012963073080810905,-0.020494339485275348,0.0018623550325911342,-0.0059457745362295755,-0.0319790828640385
2018-03-09,0.04319537321525391,0.03638323175263869,-0.0037177862272919082,0.001196267644947735,0.03365884063993341
2018-03-16,-0.012358512358512264,-0.01674615412199243,0.01611398524298191,-0.007487653337581723,-0.010854271356783851
2018-03-23,-0.07314933925856637,-0.05889861415025521,0.003004757532760305,0.024157303370786476,-0.047144889250152366
2018-03-30,0.010220175383256702,0.0197636117031581,0.014396271948073691,-0.014262205156335694,0.029643847302196713
2018-04-06,-0.021857240991694282,-0.013034391031730763,-0.006562756357670341,0.004769854519437011,-0.024855012427506318
2018-04-13,0.030262401838728303,0.020907130756198766,-0.0016515276630882925,0.008386739457235448,0.010407816482582932
2018-04-20,0.005763153002416921,0.005506317178955555,-0.0201819685690654,-0.006433895645351129,-0.006516712213580078
2018-04-27,-0.0012939001848428777,-0.00018753985221864333,0.0036299172716529604,-0.008923635789307438,0.0
2018-05-04,0.01715096551298667,-0.00202581032412974,0.0008411136344519399,-0.007649402390438209,-0.017562420651713873
2018-05-11,0.027840116455389197,0.02567476129614321,0.002016976216488775,0.003693592420106029,0.020891664871850013
2018-05-18,-0.011802195208308719,-0.005570826461425815,-0.016942044787385813,-0.02072000000000007,-0.028059071729957807
2018-05-25,0.013495760181535754,0.0030221501492646574,0.020561385547308353,0.006535413773384402,0.007814195789016765
2018-06-01,0.01779401366957356,0.0053279441484477275,0.005684668115699676,-0.005843681519357213,-0.0021537798836959166
2018-06-08,0.009841380108833953,0.016776315789473584,-0.0064006650041562585,0.004245244509756052,0.0
2018-06-15,0.014560880531988118,-0.003810345447356145,0.0071111854764494,-0.013576132021786869,-0.02374271530325922
2018-06-22,-0.009379590914227576,-0.00862411142784969,0.0012460541618208865,-0.00824130542277901,-0.028963077603360476
2018-06-29,-0.02093315080994751,-0.01259372497634137,0.009873060648801113,-0.01404354329400026,-0.01343351548269589
2018-07-06,0.02307020099038737,0.015260984960188795,0.008462044035491223,0.001769911504424737,0.0018462958689129394
2018-07-13,0.02277774614201933,0.015140512671556028,-0.00024439918533603056,-0.010516574120814415,0.010135913384013095
2018-07-20,-0.0034519236122710906,0.0003218999248901788,-0.015971316818774395,-0.008927812260862145,0.0025085518814138563
2018-07-27,-0.00765405888597126,0.006221395881006897,-0.010765154024511503,-0.0062628689087165235,0.01660600545950852
2018-08-03,0.013849791690125013,0.0077464288252433455,-0.002009040683073837,-0.007856341189674487,-0.010740657865294212
2018-08-10,0.002443358507330018,-0.0015514809590972956,0.012078510317060864,-0.0020013922728855382,-0.023071703234562424
2018-08-17,-0.0036561045867493647,0.006709987286339869,0.002652080225426845,-0.022321039323393466,-0.02269043760129652
2018-08-24,0.014566885355276282,0.008594681821370909,0.010828236072077946,0.018103986444305775,0.02748163942193793
2018-08-31,0.022851819377466054,0.009738791694201998,-0.010548695723280765,-0.005693763139453356,-0.0046114825916531155
2018-09-07,-0.029681221537637192,-0.009334848954565711,-0.015454545454545499,-0.0024667430182362393,-0.03752605976372492
2018-09-14,0.01590193804869955,0.011404728789985885,-0.004868630907412075,-0.0018546321646207842,0.009867629362214192
2018-09-21,-0.0015218218381434223,0.00381600660066006,-0.012231126107127843,0.0041585560077861405,0.03026692087702565
2018-09-28,0.011322192586141089,-0.00434946402274039,0.001451750640478311,-0.006432284782800113,-0.007170946102243669
2018-10-05,-0.030356854513159948,-0.009975233902036473,-0.036070606293169494,0.009223128769066946,-0.048462255358806994
2018-10-12,-0.03236192062170418,-0.04124105343617546,0.012650389242745863,0.01256590509666089,-0.01346718903036248
2018-10-19,-0.007457549334557001,0.00108715346983157,-0.00663929413820219,0.006769070554543122,-0.015388433854554462
2018-10-26,-0.03675875621315461,-0.039529411764705924,0.011256705654735688,0.006551159382811811,-0.025207965717166658
2018-11-02,0.016320652826113058,0.024723928692571562,-0.026002261066179644,-0.0010276612143529373,0.055598655288337184
2018-11-09,0.012634313378202977,0.021589613446614475,0.012053571428571441,-0.01860265752250323,-0.024987751102400813
2018-11-16,-0.02343750000000011,-0.014508928571428492,0.01191001323334806,0.009958071278826086,0.027638190954773822
2018-11-23,-0.04949253731343284,-0.0382859021663684,0.0038360941586748076,0.0012973533990658925,-0.02836185819070891
2018-11-30,0.0638150869920231,0.047103513770180294,0.0016501650165017256,-0.001986697762805467,0.03371917463512819
2018-12-07,-0.047174824349058286,-0.04382368946127335,0.026705974161102874,0.022070278691362244,-0.02921129503407971
2018-12-14,-0.0018589664146733131,-0.011761581363584517,0.0005911662866313616,-0.00872216106359558,-0.0012537612838516843
2018-12-21,-0.0838713682642167,-0.0759012554228895,0.018906144496961375,0.014180762002391933,-0.032889781571679544
2018-12-28,0.036592803415328445,0.029289572081429238,0.0027335984095426813,0.019710242587601012,0.01869158878504673
2019-01-04,0.02131136824213886,0.01872855701311793,0.008756712102437003,0.003138939368907856,0.011467889908256756
2019-01-11,0.02854765409972493,0.02611038472205718,-0.009663418229465148,0.0029644268774704496,0.026203073822121503
2019-01-18,0.028377621507249984,0.028882539192215395,-0.01132886794013066,-0.0064039408866994885,0.02013258040756205
2019-01-25,-0.000605143721633894,-0.0025519777827817114,0.008113081298092961,0.01520409849611637,0.01564380264741283
2019-02-01,0.013926733272782155,0.016103544284746807,0.003567576536961603,0.013348526778447,0.013270142180094702
2019-02-08,0.006628844431173508,0.0015181811449307414,0.011491402116402094,-0.0023293172690763697,-0.014031805425631427
2019-02-15,0.020052206929283223,0.025511147262173184,-0.003024111156518128,0.0047500201272039355,-0.0016603415559770518
2019-02-22,0.005525183203443085,0.006381367848000696,-0.0033612067552059033,0.00560897435897445,0.022570681872178477
2019-03-01,0.008676036786396057,0.004585512645984169,-0.023936826519700527,-0.02884462151394429,-0.012778810408921815
2019-03-08,-0.01846436148861741,-0.021253833535411326,0.02452384965447485,0.007876599934361739,-0.020004706989879995
2019-03-15,0.04194660279254547,0.024958099540916878,0.0014806284445176843,0.0010582872028654933,0.03458213256484144
2019-03-22,0.0011774600504625976,-0.007322882229568783,0.025544147843942433,0.008132064731235289,-0.015088207985143876
2019-03-29,0.006160394265232849,0.011566696508505059,0.012654172673394193,-0.015810276679841806,0.011548432712703338
2019-04-05,0.027830346209506862,0.021559048428207106,-0.019060423916482105,-0.0002458814851241664,0.0344827586206895
2019-04-12,0.006335968807538173,0.00550992826697172,-0.010965089091348856,-0.0012297097884899078,-0.0009009009009008917
2019-04-19,0.008394769412904068,-0.0004824924179764878,0.001874949050297614,-0.011983912008536435,0.004508566275924331
2019-04-26,0.017396872832061483,0.011688849044893646,0.007404393816110577,0.008307717869901143,-0.015260323159784539
2019-05-03,0.0024127983215316284,0.0021130840802969786,-0.0012115338017930632,-0.005932273214138584,0.007748404740200554
2019-05-10,-0.03197111611114023,-0.020168010066999753,0.008814491347242548,0.006464981351015364,-0.05065581184984169
2019-05-17,-0.010594594594594664,-0.007844498438042469,0.009939879759518933,-0.006423453841719495,-0.04025726536445917
2019-05-24,-0.026660839160839167,-0.010705289672544138,0.014207476783871797,0.00538748445917947,-0.00843881856540074
2019-05-31,-0.02363044454422991,-0.02655774807270672,0.03169510095476613,0.016735366859027323,0.019023779724655743
2019-06-07,0.040758838746766335,0.04497402550223417,-0.0006826974133353758,0.026433146841806643,0.011545074920167098
2019-06-14,0.008837825894829843,0.005597079784460224,-0.002125398512221044,-0.00023698554388185133,-0.0019426906265176402
2019-06-21,0.032468243539202746,0.01638664177556537,-0.00022820629849384932,0.04282553729456384,0.04063260340632602
2019-06-28,-0.009704618974386126,-0.003401360544217691,0.010499885870805636,0.009243824821942637,0.003273322422258529
2019-07-05,0.02308021848559494,0.018634812286689284,-0.0028612303290415086,-0.00795795795795795,0.00046609182008872097
2019-07-12,0.012980895053650743,0.007337666689003486,-0.016688061617458394,0.01051914635992146,-0.001863498718844614
2019-07-19,-0.013021237017516674,-0.01157492100449009,0.011288588542466504,0.007039616565565732,0.00023337222870467578
2019-07-26,0.022407203811318777,0.016286973786048264,-0.001670590022021412,-0.006172380456607507,-0.0037330844610358183
2019-08-02,-0.040657483742127076,-0.031091685705771255,0.038335741994371286,0.016836276563902963,-0.050351288056206256
2019-08-09,-0.004590338937816796,-0.0034174014079694226,0.025932166141674706,0.0395172566046067,-0.01676942046855734
2019-08-16,-0.00541583999142059,-0.009498662643165678,0.04341306676187062,0.010760300155741254,-0.008276899924755443
2019-08-23,-0.018384731507440133,-0.013848018002423412,-0.0011633477040989826,0.00973525703880096,-0.012392513909964653
2019-08-30,0.029658922392486353,0.02668070914516396,0.009043573581803077,-0.0029132274398279145,0.02919334186939815
2019-09-06,0.021976849629274042,0.019148572405539577,-0.010116784356328123,-0.012730434782608824,0.026374720079621827
2019-09-13,0.0049585051411868974,0.01019963093440679,-0.06344742437752937,-0.01247181510710249,0.02400000000000002
2019-09-20,-0.00903708320349006,-0.009332757647215084,0.03918265709682145,0.019978594363182278,-0.014914772727272818
2019-09-27,-0.019758909853249573,-0.009655357382325369,0.005920078934385842,-0.01322140608604394,-0.02331170391732751
2019-10-04,0.009517189755654076,-0.0035545023696681444,0.022840327891823886,0.005954912803062484,0.00812007874015741
2019-10-11,0.012181558180181185,0.006556820112111339,-0.0380163024864717,-0.01317829457364339,0.01855015865267262
2019-10-18,0.003034901365705611,0.005704063723505071,-0.006123611506693161,0.003070770549168156,0.005990893841361089
2019-10-25,0.02060618707287798,0.012182434473269055,-0.007594211205043666,0.009967250462765254,0.017151024297284545
2019-11-01,0.016509916172561923,0.015053050397877854,0.01472711521801906,0.0049344424080077776,0.012177985948477632
2019-11-08,0.011867048825866089,0.009146142287842274,-0.040196357427433216,-0.03626543209876554,0.0106432207311431
2019-11-15,0.008348655767032698,0.009225092250922495,0.0211251945741604,0.0059684110925104505,-0.012591575091575047
2019-11-22,-0.005322556798580624,-0.002662048173450171,0.015534262485482175,-0.0034006222415164933,-0.00602828657546961
2019-11-29,0.016201753951345044,0.010773089786467738,0.0037169406719084197,0.0008712066211704617,-0.007697690692792136
2019-12-06,-0.0004875670404680399,0.001781680506506289,-0.01474148981626544,-0.001740896561729377,0.012458862247296754
2019-12-13,0.010682926829268302,0.007780988979578796,0.004987350921575651,0.010390931550646743,0.031344323194799184
2019-12-20,0.021815724697137995,0.010746249842430444,-0.017189298043728374,0.003380079108234346,0.004277352543899049
2019-12-27,0.008974540645222184,0.006641099990646326,0.004903036955726137,0.020140481651376163,0.01031158932974674
2020-01-03,0.0026684144000748145,-0.0013937929752834144,0.013108068744538404,0.024801517599943868,-0.0031062791213667396
2020-01-10,0.01984312260715293,0.010235414534288445,-0.004887866589994294,0.007198683669271677,0.014689517026485799
2020-01-17,0.022661722290894026,0.019158146817721322,-0.0030338052585956454,-0.002246273228507123,0.014038166264531471
2020-01-24,-0.0030441400304414,-0.009579755987347505,0.02941602666280252,0.009551098376313183,-0.03525849015790605
2020-01-31,-0.016299955096542362,-0.021413145968306013,0.026886261261261257,0.009122854439789219,-0.05582959641255614
2020-02-07,0.046240927557401834,0.03254281540422088,-0.010075394105551694,-0.010312730194870556,0.02968416053194023
2020-02-14,0.023734729493891882,0.016255267910897153,0.0008308523160007741,0.008187292780296396,0.019372693726937396
2020-02-21,-0.01862427548585055,-0.01220379146919437,0.024143894846073932,0.03825503355704685,-0.020588235294117685
2020-02-28,-0.10626655665088813,-0.1116108912078686,0.04910834909483941,-0.04085326438267611,-0.06398706398706389
2020-03-06,0.010787172011661905,0.004050496185782793,0.07378790805485802,0.06180078177651982,-0.009624876604146126
2020-03-13,-0.07537736756081148,-0.09460095475021846,-0.0769323019727769,-0.09057442081878775,-0.09942686269623724
2020-03-20,-0.11250909847145685,-0.15045299272241197,0.03566324542029364,-0.022124511446119377,-0.13226342003320424
2020-03-27,0.08553016988869366,0.1076048951048949,0.051872295051119455,0.08664620655199484,0.06345663265306123
2020-04-03,-0.010415542363734542,-0.02063767658432636,0.004770423375074495,0.002627257799671545,-0.006596701649175363
2020-04-10,0.095380923815237,0.12091542769652275,-0.018456973293768608,0.039567638388470217,0.06700875339571377
2020-04-17,0.07184108334163097,0.03033788641265267,0.014632081746175807,-0.0007561913164030321,0.025742574257425543
2020-04-24,-0.0067351014910120854,-0.01280351660619583,0.018056134914486544,0.025666897899981,-0.018753447324875938
2020-05-01,-0.005144032921810648,-0.0006361098349648708,-0.016916413018028598,-0.01758484997540577,-0.007307476110174238
2020-05-08,0.05697095045595568,0.03412426181972483,-0.023637987496278656,0.0040055075729126255,0.04303510758776907
2020-05-15,-0.007071066441341256,-0.021064149911092955,0.01664837175265288,0.021880064829821855,-0.021986970684039098
2020-05-22,0.028620056433914076,0.031996646639653514,-0.006958190870373637,-0.004392118587201899,0.011101859561476468
2020-05-29,0.01611077244622483,0.03005686433793664,-0.01183932346723049,-0.0018381226640524773,0.03568487510293705
2020-06-05,0.027125471374700005,0.04935594111461605,-0.04572406626321901,-0.030077957154256985,0.08454810495626841
2020-06-12,-0.01589553172848268,-0.04737896912381789,0.03965152776888092,0.02917536864755399,-0.02565982404692091
2020-06-19,0.03544175004239447,0.014562308931330259,0.0005545286506467573,0.00867052023121384,0.0012540757461751983
2020-06-26,-0.01645922043891257,-0.02783177812337989,0.017611921916374174,0.015302078888008275,0.0005010020040079333
2020-07-03,0.049829323120472946,0.04059323446092322,-0.010045385779122507,0.0026420079260238705,0.03555332999499261
2020-07-10,0.04671081327570503,0.017166832142971433,0.01674919004829145,0.013235117978201094,0.045454545454545414
2020-07-17,-0.017236807212940852,0.013004187789288135,0.0027054650393794066,0.005496778769430888,-0.010869565217391242
2020-07-24,-0.01487934623390641,-0.0026109660574413773,0.017747931406643547,0.05043498706795191,0.008650923544540445
2020-07-31,0.04002973861324155,0.01757666417352266,0.007423117709437932,0.03766088416340252,0.00347705146036148
2020-08-07,0.021370254712366865,0.02465392625260332,-0.006549707602339194,0.029013643962681357,0.013398013398013386
2020-08-14,0.002541717316830505,0.006784828287055067,-0.03943960442665406,-0.043341543944237726,0.008434009573740742
2020-08-21,0.03567754262198708,0.007837548984681364,0.01850716999632307,-0.002793908184507421,0.0009041591320071429
2020-08-28,0.0378188526625749,0.032697066101095684,-0.030565583634175608,0.012964895896280693,0.028681120144534722
2020-09-04,-0.030595152633917877,-0.022847852130754687,0.010054617676266142,-0.014914040891588431,-0.02656421514818863
2020-09-11,-0.04630086748007611,-0.024841638205330252,0.010691901192085407,0.004459370182779088,-0.009246729815065469
2020-09-18,-0.013237197263819556,-0.01020774711129746,-0.005532587548638057,0.004110715264455944,0.013430457546096175
2020-09-25,0.01757409974894153,-0.005806744291546817,0.009476065293146707,-0.04508733624454142,-0.03548966756513938
2020-10-02,0.010126675504492644,0.015544671919204056,-0.014353197674418672,0.020578484051674728,0.024452724732184627
2020-10-09,0.041558820312784794,0.03897076443805436,-0.01634408602150539,0.014226503864680273,0.04182768811093429
2020-10-16,0.009800147002205106,0.0012685598962087763,0.008120432256855326,-0.01535233046167439,-0.005891337551821918
2020-10-23,-0.01306713805414017,-0.004347951279910278,-0.020943057190656145,0.0019068984856980276,0.01668129938542573
2020-10-30,-0.05394394886563181,-0.055642315923419394,-0.0027846338839313534,-0.013658755038065351,-0.03475820379965455
2020-11-06,0.0936595144405672,0.07233417039260126,0.011677349749317889,0.0396708286038594,0.07201968239767398
2020-11-13,-0.012491089915481535,0.02267534841215446,-0.007841415218618697,-0.03291664392161142,0.008345503859795489
2020-11-20,-0.001890489121094463,-0.007735269477799567,0.021181082448153754,-0.008297584104764,0.015104489964825163
2020-11-27,0.029719677663750943,0.02347113950412294,-0.007987121540461883,-0.04496556434629184,0.019975540154912208
2020-12-04,0.02177184709541491,0.016993428107900055,-0.03133191861190865,0.02699803325585548,0.01618705035971235
2020-12-11,-0.012012306886619362,-0.009598485872651108,0.02300257731958788,0.0009865366759518324,-0.0025565388397247313
2020-12-18,0.02719893987079658,0.007862407862407883,-0.015368142596208334,0.02289987825381168,0.005323343848580464
2020-12-25,-0.0016125911113977764,-0.0004875670404680399,0.006140855881788365,-0.0005100884153252938,-0.016866052167091583
2021-01-01,0.013503036568031979,0.01322493224932253,0.002797380634496749,0.011397788488800797,0.03072012766806309
2021-01-08,0.016861095174347973,0.019738953674975912,-0.040639066759652565,-0.028145324063691413,0.058834913876524064
2021-01-15,-0.022474375450584505,-0.01458322404658241,0.0033042558815754575,-0.012749509634244927,-0.00658014988119171
2021-01-22,0.04348104918873852,0.019110992813414995,0.0003952048478461645,0.016186524864138407,0.027230910763569316
2021-01-29,-0.033372257390449356,-0.03345695779356461,0.0007900974453516341,-0.007418056354226543,-0.04513702310585699
2021-02-05,0.053407934893184184,0.04766665765936162,-0.026118421052631624,-0.016221539887607994,0.05496154567623335
2021-02-12,0.015360936745533404,0.012715689561785926,-0.0062149564277510505,0.00518226252870857,0.027738264580369654
2021-02-19,-0.016139099420419134,-0.006647310513447469,-0.02610291618516758,-0.02155955240494467,-0.004671280276816514
2021-02-26,-0.05099389764968887,-0.024792964643745252,-0.0010469742444336738,-0.03113586012813596,-0.06605249435077354
2021-03-05,-0.017380785636977092,0.008597118519297453,-0.029415874790385765,-0.016500834311847346,0.0018611576400522356
2021-03-12,0.021964493974342192,0.027187654771524628,-0.020516881434021972,0.014766871936659598,0.002972320267508932
2021-03-19,-0.007354339694414458,-0.01162259554382572,-0.00962810524768487,0.010836584308625996,0.0016669753658085096
2021-03-26,0.009133295011815923,0.016688918558077415,0.014174397031539776,-0.006125949522175933,-0.014977810650887435
2021-04-02,0.027120253164556907,0.011692509722713185,0.006219815600760903,-0.001602564102564208,0.011075652337150244
2021-04-09,0.03863573343192539,0.027158583160679983,0.0,0.007963946166193558,-0.005755662829558195
2021-04-16,0.014535314882382577,0.014022211961408404,0.012726347174750963,0.018864457646842636,0.014939309056956285
2021-04-23,-0.007572877986023685,-0.0012462253750659125,0.0057446502944134,0.00030057108506165164,0.0051517939282428316
2021-04-30,-0.004213069353603216,0.0013437634976243285,-0.010138512066257377,-0.004447115384615397,-0.011898224418817605
2021-05-07,-0.011213349507381953,0.011550443326144189,0.004255626081938857,0.03579620910298198,0.013153019636902519
2021-05-14,-0.023369239976062217,-0.01312423007675545,-0.015442074265603511,0.0064106299900925645,-0.03181568842567184
2021-05-21,0.0018995680014706195,-0.003936818858322533,0.004304056025678182,0.019398922925473405,0.0035882908404154534
2021-05-28,0.021161432372098776,0.0122909336289585,0.00559308491319821,0.013292433537832382,0.0325555137372977
2021-06-04,0.005001048123858265,0.006094657651652291,0.010546084946547296,-0.006839331763650591,0.020411882631675038
2021-06-11,0.016805721096543547,0.004046379555134871,0.017226590421729693,-0.008015353352901267,-0.012502232541525271
2021-06-18,0.00407337943969055,-0.02213004642831884,0.024032042723631353,-0.061511323546147745,-0.01917164044130948
2021-06-25,0.019934039634591283,0.028174105851730413,-0.025526658889727605,0.01006487600800332,0.023418771897473878
2021-07-02,0.026269100898529185,0.01666627598977999,0.021336525596789002,0.0042019328891289565,-0.012972972972972951
2021-07-09,0.006608298014722402,0.0041501429493682185,0.010273028130171058,0.011477075736744613,-0.022453450164293565
2021-07-16,-0.009445721725159895,-0.009597722263041897,0.011465228963352336,0.001181963240943107,0.0007469654528480252
2021-07-23,0.029642058165548102,0.019937868039134,0.0019566830848121164,-0.005017413375833724,-0.020153013621944438
2021-07-30,-0.009858772406300953,-0.0032504432422603147,0.006868686868686913,0.00747508305647826,-0.017330032374785698
2021-08-06,0.009545491949420004,0.00907618982463343,-0.011637239165329105,-0.030502885408079217,0.006589147286821584
2021-08-13,0.0020921070506723094,0.0077515876064995215,0.005210447963188702,0.010629251700680298,-0.0040431266846361336
2021-08-20,-0.0029553711837752017,-0.005740940078937884,0.013463480309660047,0.0018630927339382541,-0.04310844770925959
2021-08-27,0.022598101868218645,0.015540418621436292,-0.0072401195616074165,0.02093581283743262,0.04222222222222238
2021-09-03,0.014705882352941124,0.006285397001665638,-0.008564164324903034,0.0051119337211351645,0.02965691025392503
2021-09-10,-0.013051340514191434,-0.016862364262381857,0.0014846807936292894,-0.02268209984800651,-0.011859939759036098
2021-09-17,-0.007328925356488436,-0.009069683908046078,0.005188679245282879,-0.02039717669577701,-0.021337397599542895
2021-09-24,-0.0013375063531552156,0.00568645219755326,-0.01515049943018032,-0.0028698784881235895,-0.011485302705859346
2021-10-01,-0.03522352878150692,-0.02178369489310905,-0.010618746171125237,0.007899571341089873,-0.008861756597085546
2021-10-08,0.0027208617913265787,0.00833640383198242,-0.023873409012727942,-0.002187253174555037,0.009735744089012455
2021-10-15,0.02154169896998548,0.01829351847622518,0.02220186072737529,0.006697923643670611,0.02203856749311295
2021-10-22,0.013986013986013957,0.016260344943593408,-0.006205612631869362,0.014758362063751251,0.001925298421255217
2021-10-29,0.03210371558406844,0.013528425141242861,0.02469992368001117,-0.006675806163199627,-0.021521906225979937
2021-11-05,0.03234829452746624,0.02020685900925412,0.010901211998104232,0.019141914191419085,0.0
2021-11-12,-0.00978424485699958,-0.0026892621603739064,-0.013194909578030822,0.02714319359397077,0.02120974076983506
2021-11-19,0.02353686344058792,0.003466946305134,0.006991108396117607,-0.010547434795070032,-0.020769230769230762
2021-11-26,-0.03165919948513585,-0.021156347970739287,0.014626583984901576,-0.03337002491165064,-0.04359780047132755
2021-12-03,-0.020628834355828185,-0.012092293613961691,0.025377001262206766,-0.0013185495954449733,0.004517453798768001
2021-12-10,0.03883799232636442,0.038198579683295764,-0.03556851311953335,-0.0003000660145231482,0.023712183156173294
2021-12-17,-0.032913745885781664,-0.02309130305476481,0.013233911057369374,0.0073238083803577325,-0.03833865814696491
2021-12-24,0.031202099192018995,0.02333268097505825,-0.015315255585758858,0.0069725864123957315,0.011627906976744207
2021-12-31,0.0023430414189258286,0.009264768380790489,-0.0022219229733370094,0.011777238563058567,0.0026683087027914443
2022-01-07,-0.045218047002639206,-0.018675256863735945,-0.04001619542479251,-0.01877632194665424,0.0008188331627430046
2022-01-14,0.00039488232506701415,-0.002939346478147864,-0.001124701251230098,0.011445603576750951,0.02495397831867452
2022-01-21,-0.07452435462224671,-0.057540024100533715,0.01076706544686834,0.008369187245830245,-0.02215126721213334
2022-01-28,0.0003127754556571105,0.009064340837481089,-0.0034811668871406187,-0.02332105909170612,-0.034897959183673444
2022-02-04,0.017652075042637883,0.015273220952596533,-0.028785020610633705,0.010532615200478768,0.028970183971241292
2022-02-11,-0.03058573782855223,-0.01836416313795408,-0.005467232573196146,0.029314224801610722,0.0012330456226881115
2022-02-18,-0.015991471215351827,-0.014144303682513626,-0.00014466546112124057,0.01904378344168922,0.0
2022-02-25,0.012474012474012364,0.008106303111254265,-0.009838674672646985,-0.0032181571815718124,-0.028119868637109913
2022-03-04,-0.024496052289093795,-0.012747001713306672,0.024621903996493,0.0403851600113283,-0.05765575501583953
2022-03-11,-0.03824488585828645,-0.02799824143276952,-0.03800627495721631,0.00767639372822293,-0.04594352308381888
2022-03-18,0.08350801479654768,0.05820458495012737,-0.010896152990882757,-0.03128207898860014,0.06553911205074003
2022-03-25,0.022361944863296346,0.018379375506164086,-0.03582134292565953,0.01717791411042935,-0.006834215167548563
2022-04-01,0.006957005704744779,0.0005080739578962046,0.028913415202860282,-0.015791205176006073,0.018867924528301883
2022-04-08,-0.03509741605637706,-0.01181224057228658,-0.05484212116633924,0.010974930362116941,-0.0211328976034858
2022-04-15,-0.030703136187884783,-0.02185133051813115,-0.03492647058823528,0.014162120460682104,-0.015579790785666625
2022-04-22,-0.03850131489525166,-0.026839352200826894,-0.006293995859213308,-0.020376005216257376,-0.041826814379380406
2022-04-29,-0.037338660110633026,-0.03295465214533855,-0.004500375031252557,-0.018747573354040648,0.0
2022-05-06,-0.012769353551476459,-0.001601941747572888,-0.04838844704897449,-0.008422361652817845,-0.03421425200566308
2022-05-13,-0.023637833468067915,-0.0233869791413428,0.020321984692531103,-0.03779500627066468,-0.010750061079892403
2022-05-20,-0.04391600980327215,-0.030095588967440134,0.021814105880324286,0.01919544996741518,0.016053346505309873
2022-05-27,0.07073576278231952,0.06578035572209529,0.004809720698675246,0.00476661047491711,0.022119591638308123
2022-06-03,-0.009382076997735522,-0.011366372874825337,-0.025613033254954676,-0.001562048018513007,0.007609988109393617
2022-06-10,-0.056694970607446216,-0.050518828859550835,-0.01947772127897962,0.011357051802062701,-0.029265990087325777
2022-06-17,-0.04898905968702383,-0.061416110826064685,-0.014854531071459953,-0.01873496046751455,-0.03549720398735723
2022-06-24,0.07251811132549424,0.0662001858634449,0.004282655246252709,-0.006889706311671628,0.024703806402823103
2022-07-01,-0.042361087539459,-0.022662018047579946,0.028962331201137115,-0.010406255511787976,-0.019680196801967975
2022-07-08,0.046857831496118996,0.01948903577798755,-0.028665170091521253,-0.035765209125475206,0.006022584692597199
2022-07-15,-0.011782630777044223,-0.009107983636504002,0.03235555555555547,-0.020271102895871973,-0.036418059366425615
2022-07-22,0.03467297084318366,0.025861397450211543,0.020750817978302027,0.01043959499402547,0.02045042712917411
2022-07-29,0.04460412596443586,0.04277506390948904,-0.009447490510333112,0.021348104811103497,0.013698630136986356
2022-08-05,0.019939136499080856,0.003592320201946775,-0.008175083028187036,0.007251675807434577,0.0025025025025025016
2022-08-12,0.02685314685314677,0.032964906764698654,-0.00789902979307977,0.015608929759816093,0.02471293060409363
2022-08-19,-0.022791246708435353,-0.011613205338328325,-0.0217221981826049,-0.030678501221183097,-0.028014616321558994
2022-08-26,-0.04776063928637808,-0.03986829014071158,0.005130927105449379,-0.005899705014749346,0.002756892230576513
2022-09-02,-0.03991022638563613,-0.03224692210900293,-0.02992430910051047,-0.015454995054401621,-0.031242189452636793
2022-09-09,0.04038350780905908,0.03661023862941071,-0.01732897840682268,0.003516262715057117,0.006191950464396356
2022-09-16,-0.05786577224917766,-0.05174618789965568,-0.011448619702705276,-0.024903015892879465,-0.031025641025641093
2022-09-23,-0.04773261440619381,-0.045673825085589814,-0.012795367516577838,-0.018159650924024717,-0.04789626885419429
2022-09-30,-0.029944466625530852,-0.029270281288218514,-0.030747398297067186,0.010848964119992033,-0.03057254030016665
2022-10-07,0.0068846815834768815,0.015706366537880045,-0.014250854075158692,0.020753863063296185,0.02207568807339433
2022-10-14,-0.031066518023039835,-0.014223104275200571,-0.02396276859094959,-0.031036230048137825,-0.04039270687237018
2022-10-21,0.05630129631050096,0.04658445879819939,-0.054783402658009406,0.007648058569747818,0.03098509207833966
2022-10-28,0.021058746641493098,0.0393545112078868,0.03896103896103886,-0.00642231592604614,-0.027785653529912246
2022-11-04,-0.058815162506222984,-0.03256901958768177,-0.026652892561983443,0.02161138678506136,0.05570137066200065
2022-11-11,0.0879552667371919,0.05888136043576453,0.03895139036298034,0.051703201891736494,0.05414364640883962
2022-11-18,-0.010904292262814197,-0.006223181350530793,0.017877209112268977,-0.01075595527467188,-0.0034067085953877196
2022-11-25,0.007373077733305422,0.015907885766229812,0.032717784022481045,0.0026414398918852555,-0.00683670786221402
2022-12-02,0.019622194339885768,0.011383690005716707,0.04071914480077754,0.024751868643548613,0.04686258935663212
2022-12-09,-0.035925482823448984,-0.03349635054434652,-0.007096834438322985,-0.0011957431543703212,-0.013151239251390945
2022-12-16,-0.02762019571691965,-0.025452603742880386,0.007335653155271293,-0.001616185801508463,-0.030497180932855028
2022-12-23,-0.02512306289881494,-0.0009392856211024592,-0.04621417234618619,0.002817914743090011,-0.0007930214115781098
2022-12-30,-0.004039497307001927,-0.0012535582774020337,-0.025450274079874657,0.014229343537008221,0.002645502645502784
2023-01-06,0.009463722397476504,0.014773945558664181,0.056448372840498307,0.023991983022872088,0.057255936675461694
2023-01-13,0.04527529761904758,0.026850133992991188,0.014926792165810943,0.029071440907259216,0.030696281507362144
2023-01-20,0.006086059009858591,-0.006574654956085335,-0.005152224824355955,0.0029648690982322368,0.010411622276029098
2023-01-27,0.04804018678364219,0.024754976255430883,0.0048022598870056665,-0.00039042891404983404,0.013659237958303372
2023-02-03,0.03348410180247097,0.016441530270163707,-9.371192952856156e-05,-0.03213927017073981,-0.0335697399527185
2023-02-10,-0.021164021164021274,-0.010452285679641071,-0.031021555763823816,-0.0005765017871555145,-0.016878669275929625
2023-02-17,0.004871538204871628,-0.001911577296343614,-0.009768836444530415,-0.012113520996769878,-0.012689723811893483
2023-02-24,-0.030913799973436018,-0.02671512056180325,-0.013772221136940765,-0.016991708513371506,-0.034778225806451624
2023-03-03,0.026828850436868112,0.019703315000756838,0.009111617312072884,0.024591624591624672,0.032375979112271525
2023-03-10,-0.037139615589962593,-0.04522625497909394,0.03631367160663457,0.008000463795002632,-0.04299443601416275
2023-03-17,0.05825680124761745,0.010572413256976887,0.011932948195851889,0.056939092425375204,-0.0060782241014800675
2023-03-24,0.018109772072308017,0.014769609477166101,0.0,-0.0006529901507319469,0.028183993618718484
2023-03-31,0.03229438064910428,0.0344662034112444,-0.004492278895647961,-0.0023414102913150714,0.020429273338505194
2023-04-07,-0.008973919546318543,-0.0004885317179217363,0.020306477390241495,0.01784739657242662,-0.00177394830207811
2023-04-14,0.0016349630561232065,0.007991397639238507,-0.03178844559108085,-0.0006970883157273455,0.008377760853008231
2023-04-21,-0.006152493957371941,-0.0006303641565242879,-0.006471259992386735,-0.011322172139944242,-0.01787512588116824
2023-04-28,0.01879283661286757,0.009049005337214977,0.019731800766283447,0.0029850746268658135,0.0030761343245322426
2023-05-05,0.0010230654761904656,-0.007934027360373186,-0.014747322938192697,0.014393939393939403,0.006644518272425293
2023-05-12,0.006627644089318263,-0.0025204178077212758,-0.0059109543331109515,-0.0034674063800277377,-0.021325209444021387
2023-05-19,0.035319816632310985,0.017080103986977457,-0.030401841373357663,-0.016969113002516023,0.011154345006485045
2023-05-26,0.035333273899735396,0.0033443218193109914,-9.891196834810323e-05,-0.014811587889348665,0.0005130836326321386
2023-06-02,0.017939150401836912,0.018808628160563945,0.00890295776041139,0.0007185496351980181,0.013846153846153841
2023-06-09,-0.0004229522064006508,0.004627033090297106,-0.0006863417982154729,0.005468102734051294,0.008093070308548223
2023-06-16,0.0378843441466854,0.022237729704582376,0.006671899529042236,-0.0022522522522522292,0.025589563472152577
2023-06-23,-0.014649525725002,-0.014221999726937606,0.00711500974658863,-0.018884545504597283,-0.04182974559686892
2023-06-30,0.0189772163071662,0.023245077445118945,-0.003774315300493547,0.0003928170594837965,0.009956599438345703
2023-07-07,-0.008608088354718268,-0.010670456596282185,-0.037497571400816,0.0020755034498232128,-0.004297269969666395
2023-07-14,0.03503167321974665,0.024466993501311096,0.022305207912797886,0.015618002686968335,0.041127189642041095
2023-07-21,-0.009074841058379746,0.006454772079772075,0.004343962878862628,0.004133825717907769,-0.016825164594001407
2023-07-28,0.020898224316481695,0.01048255119642616,-0.018873488646417025,-0.00175650455593368,0.03993055555555558
2023-08-04,-0.029832064253676793,-0.02212641162566753,-0.032862438633403435,-0.00918288793577482,-0.033150488910088205
2023-08-11,-0.01558972153531879,-0.0025961818222510757,-0.012016989536931533,-0.014373716632443578,-0.024173655648741854
2023-08-18,-0.022143949322848466,-0.02053180747223149,-0.01677676418160856,-0.012781531531531387,-0.029322548028311468
2023-08-25,0.01644654175857929,0.007949599083619807,0.015463367814866125,0.013061084811498258,0.013281249999999911
2023-09-01,0.037278171529036896,0.025501738754915015,-0.0038857382902751647,0.014018691588784993,0.01850424055512745
2023-09-08,-0.013268359861225099,-0.012566767880493823,-0.005060622034791629,-0.011270890011659596,-0.023214736310875672
2023-09-15,-0.004750657576896189,-0.0048258215119409975,-0.014941188937162342,0.0014600179694519433,0.010849909584086825
2023-09-22,-0.034788705806207965,-0.029208110607393367,-0.01645869191049898,0.0015700347650555724,-0.016866854076156512
2023-09-29,0.0010058394568466245,-0.006830537614423093,-0.029968281745597847,-0.04014108162579788,-0.013517026254224018
2023-10-06,0.017947358137717417,0.0048189388977262215,-0.04397339046115678,-0.010207057451151913,-0.003162055335968472
2023-10-13,0.001590348231423011,0.004563020906085624,0.03325863899044701,0.05380082498526817,0.0007930214115781098
2023-10-20,-0.02923784494086712,-0.023893395133256057,-0.04988015066773199,0.0266174579209304,-0.02826201796090866
2023-10-27,-0.02619853355893975,-0.02495310904817305,0.01357520422873626,0.013944114603192004,-0.007067137809187218
2023-11-03,0.06486924792215687,0.05846401090873665,0.03863932677491988,-0.007305936073059405,0.052833287708732524
2023-11-10,0.029044627559761782,0.013618900825876024,0.004108182129407778,-0.028572974728069744,-0.0028601144045761195
2023-11-17,0.020217236184888687,0.023104332629763302,0.02329810205705196,0.023174196423597637,0.026336375488917874
2023-11-24,0.008988705833592237,0.010004658488431462,-0.0026654820079965447,0.010072412478902448,0.004573170731707377
2023-12-01,0.001103951118071489,0.008346145398638205,0.03552338530066823,0.03498275118585581,0.004805260495700514
2023-12-08,0.0057188285377238746,0.002395992158571003,0.01666845897408331,-0.033175355450236976,-0.018122325698464614
2023-12-15,0.03358237499043781,0.019839200347674835,0.04876242860165014,0.0073260073260073,0.024865419123301757
2023-12-22,0.0074998766467657685,0.009204610828201787,-0.006757438224911816,0.017486631016042864,-0.015007503751875761
2023-12-29,0.0027915177040991335,0.003504697561490522,0.004061738424045336,0.004730120355284528,0.021076688674454003
2024-01-05,-0.03118284821254147,-0.015547747785655597,-0.02619336569579278,-0.009520322226290734,-0.01914946530713757
2024-01-12,0.0322873345935728,0.0187211489143444,0.002388617717312247,0.001901241087932437,-0.006085192697768638
2024-01-19,0.028371911319464704,0.012062599647562289,-0.02517612929962698,-0.009382742080016881,-0.020663265306122502
2024-01-26,0.0062443610807729755,0.010322741123064416,-0.00329471782336066,-0.004895439791411826,0.013024225058609007
2024-02-02,0.012269649135225658,0.014238526086867376,0.024418852633823818,0.008555692208972898,-0.006171252249935755
2024-02-09,0.01874082189226356,0.01385657934661677,-0.0231081503070677,-0.005354965272254986,0.024062095730918553
2024-02-16,-0.014826678869694576,-0.0033719074221867373,-0.011614278103356357,-0.006716417910447747,0.012632642748862999
2024-02-23,0.014422741946721773,0.016696362435186574,0.011966364812419084,0.012235698186111366,0.012974051896207595
2024-03-01,0.020216127112047344,0.009845426799251822,0.00639181847235526,0.022638108366026755,-0.002955665024630627
2024-03-08,-0.01478871659074088,-0.002203373306034928,0.013337567481740198,0.04531079890092804,0.008399209486166015
2024-03-15,-0.011616782834494965,-0.003693426092394314,-0.02914446881855226,-0.009522392501115862,-0.0012248897599215214
2024-03-22,0.028714970501474868,0.02232116587882249,0.011190015063481829,0.0032046467377697674,0.002207505518763808
2024-03-29,-0.005309377660289494,0.0035686191746129303,0.006809959565865054,0.02680309458447727,0.00538423886441497
2024-04-05,-0.007972793405553902,-0.008870705641692456,-0.03413654618473905,0.0457903947112579,0.00413826679649465
2024-04-12,-0.0049946647898836405,-0.014621067453657988,-0.01203632782580144,0.008134238170493635,-0.01745454545454539
2024-04-19,-0.053893718484039566,-0.030713516687873144,-0.012625982943847647,0.019088016967126364,-0.020231926967678282
2024-04-26,0.03943084529120955,0.026456094999596003,-0.01020751542344378,-0.019952042709134532,0.03676655754218072
2024-05-03,0.010394431554524353,0.0059615157596506485,0.018132366273798883,-0.016895946819314944,0.03157639057566186
2024-05-10,0.015109763938642384,0.018678245222867762,0.003116651825467498,0.027000375657400433,0.0007063809748057981
2024-05-17,0.02194272270732478,0.016530988403348434,0.014092321349312042,0.02263270998125355,0.03035294117647047
2024-05-24,0.013701965645475545,-1.8887524789845678e-05,-0.00010942116205281405,-0.03460609854243046,-0.0175839232701529
2024-05-31,-0.015809586199366787,-0.003909791477787916,-0.010177281680892936,-0.002871433864394146,-0.028591352859135388
2024-06-07,0.02717933926471572,0.01259078066632524,0.011608623548922115,-0.01718532280538787,0.00598229241445325
2024-06-14,0.03505702436495595,0.01642291342858737,0.03464480874316944,0.019517958412098357,0.004519505233111287
2024-06-21,0.0020659863519689736,0.0031872950366631514,-0.007499735924791473,-0.00440365271404064,0.010419133317546958
2024-06-28,-0.002228331042525733,-0.0005325889331692091,-0.023201362281822013,0.0010708632088647363,-0.0018748535270681765
2024-07-05,0.03558681722360202,0.01914666862665837,0.008498583569405138,0.027533603088228498,0.024418877670814743
2024-07-12,-0.002700741696227138,0.009645896437328716,0.01490924805531546,0.009867378807767224,0.02016960806784307
2024-07-19,-0.03956994462632868,-0.019643207914427085,-0.010857994464551823,-0.0061852897673794205,-0.03976634464165352
2024-07-26,-0.02581853379345167,-0.008287946957139414,0.0007533362031855173,-0.004960988589726267,-0.008890968647636943
2024-08-02,-0.030714733136056438,-0.021196091396664563,0.05688783740187131,0.0213479581199294,-0.017941454202077378
2024-08-09,0.003699164345403849,0.0001688872208669423,-0.020553520553520555,-0.0034614360521878496,0.01105769230769238
2024-08-16,0.05466130858551077,0.04000075048312346,0.012258466652815159,0.03308692554328463,0.032097004279600494
2024-08-23,0.010462497105446111,0.014107629304901614,0.009749589490968935,0.00012931591878961868,0.00990555171619456
2024-08-30,-0.007770833333333393,0.0027573692918008152,-0.01931090557983539,-0.0031462804930609822,-0.010720802919708117
2024-09-06,-0.05790832930900536,-0.04137099063298311,0.03181676857705473,-0.0028535604652167867,-0.036661286603642984
2024-09-13,0.05939512803940361,0.04006588200458938,0.008537565287263904,0.03490439231669784,0.025131641933939575
2024-09-20,0.014936676904952373,0.011103005284603507,-0.015237526142814484,0.014789676554382458,0.02007938360961936
2024-09-27,0.008933753420114376,0.005666520017598042,-0.0031351132686084915,0.011601502828124444,0.06683451590753031
2024-10-04,0.0011710323574729564,0.0026423084326385737,-0.030638125190220133,-8.162598971517276e-05,0.007723664449688972
2024-10-11,0.012394319954034394,0.011518726657125944,-0.019361590790162198,0.001918367346938732,-0.012987012987012991
2024-10-18,0.002249878384952275,0.008644190620794356,0.0018143009605122717,0.023628141931804292,-0.009490940465918807
2024-10-25,0.0017190122757699822,-0.009493833284866415,-0.01842974326195812,0.008158554542921914,-0.017421602787456525
2024-11-01,-0.015929096341758875,-0.01381597126277978,-0.014108964619057973,-0.003355439759987311,-0.013962765957446721
2024-11-08,0.05479761196479482,0.04754483048472968,0.018163804491413416,-0.01786350853566754,0.0035963137783769916
2024-11-15,-0.03417357140078581,-0.02079606813888568,-0.026056871013082405,-0.04585417002742376,-0.03807390817469192
2024-11-22,0.018567372173107666,0.01666239863422958,0.003441385435168698,0.056004057652478956,0.0076833527357391684
2024-11-29,0.007809565234583538,0.011821799801850386,0.03960615112291177,-0.01701088696765929,-0.00046210720887251977
2024-12-06,0.03284027151096636,0.008729566011119294,0.004469511546238092,-0.010749623355999938,0.013638465094775842
2024-12-13,0.007692599908828424,-0.005922903538934765,-0.04492001271321111,0.00551553817657946,0.00410490307867728
2024-12-20,-0.02237385256253177,-0.02161500140679573,-0.020410427066001158,-0.008964755004298164,-0.0399727458550988
2024-12-27,0.007519376855743554,0.006529645606022205,-0.013701732533122013,-0.0028913672036348093,0.0007097232079487092
2025-01-03,-0.007616350275566286,-0.0051427707097359,0.0021814006888634108,0.008657829328914568,-0.0035460992907800915
2025-01-10,-0.021963824289405798,-0.01935974322155598,-0.020964600756100515,0.019384779662409146,-0.025148279952550312
2025-01-17,0.028687474122123913,0.029440644972350993,0.02024338871986897,0.00427057733370928,0.024336821611097514
2025-01-24,0.015122474795875362,0.017386793400046896,0.00034407615552245474,0.025594736630962345,0.020432406747445953
2025-01-31,-0.013858731567320648,-0.010115630705462397,0.006191240541160381,0.011382749853315,-0.0053550640279395045
2025-02-07,0.0012062264259320443,-0.0017447077199164163,0.017206016408386482,0.02065284653465338,0.011235955056179803
2025-02-14,0.02912491394477179,0.01486425753616194,-0.0013442365856389804,0.009056460780598963,0.028009259259259123
2025-02-21,-0.02242869088544075,-0.016007872724290606,0.00515984296130112,0.016711104435014335,0.01103355100202652
2025-02-28,-0.03404425182481752,-0.009600960096009747,0.0314697020421828,-0.027591046760729987,-0.03763919821826278
2025-03-07,-0.03223330775134303,-0.03073142818674479,-0.025100075732987226,0.019447715273293698,0.028002777134922496
2025-03-14,-0.024664999288314116,-0.022763578274760388,0.0006658528465208757,0.02552256045307222,0.0036019810895993043
2025-03-21,0.0024600758870865214,0.0020788543202858722,0.005877786403460039,0.011807876762098601,0.0
2025-03-28,-0.024748357041843416,-0.014752296180715718,-0.006174200661521523,0.02000071815864124,-0.018169582772543658
2025-04-04,-0.09866933936111222,-0.09066695461253282,0.030064344353228245,-0.015278462296697826,-0.07288096870002292
2025-04-11,0.07507038588023751,0.05672102596580131,-0.0641895530425417,0.065100815100815,0.02883193691473629
2025-04-18,-0.02266725352112664,-0.014102708169457356,0.007365634710553515,0.027489678783606974,0.004071856287425124
2025-04-25,0.06408466561585224,0.046028760851807515,0.015537529989717802,-0.004540702992290591,0.036498091603053506
2025-05-02,0.03442949043507704,0.029275025424960077,-0.013049836877038978,-0.022150756407311345,0.035673187571921616
2025-05-09,-0.0017593028251129406,-0.004269884960124148,-0.007751054371366806,0.02973353916370214,-0.002000000000000113
2025-05-16,0.06873373363116575,0.05291136548888975,-0.008615738081562352,-0.04106374657802103,0.030060120240481103
2025-05-23,-0.023527832639834267,-0.025395489734096333,-0.02027809965237548,0.05271207177814019,-0.0006485084306095956
2025-05-30,0.019381823894430994,0.01775137711315633,0.020461265523358918,-0.019854721549636745,-0.015357992645468221
2025-06-06,0.020824102791315857,0.016542527019460795,-0.010778859527121099,0.005204216073781298,0.03075571177504388
2025-06-13,-0.005585748792270362,-0.003571786226925222,0.011482132396016365,0.03640474474080868,0.004049445865302648
2025-06-20,-0.0002466980415970488,-0.004556113902847603,0.0018533534113285288,-0.019475797527585548,-0.016556994268732805
2025-06-27,0.04035457358161065,0.034714276098808616,0.010405827263267442,-0.028729887466546145,0.03798834448521493
2025-07-04,0.014833330292470137,0.016961831812785766,-0.004806041881222134,0.01965340946816263,0.013932210438760473
2025-07-11,-0.003631656538779615,-0.0027505037259730747,-0.013567896975968607,0.0065116884808231745,-0.010254306808859748
2025-07-18,0.012739083363406678,0.006350020846028093,-0.006411003613474908,-0.002426085268810274,0.01699129714048908
2025-07-25,0.00910451484160646,0.015169380796073773,0.013960581886438339,-0.003210220824281018,0.008761206193969029
2025-08-01,-0.02205272171901762,-0.024140637262596076,0.016082378803655928,0.005562784645413155,-0.026459301151282477
2025-08-08,0.037318552755109424,0.02486649938879215,-0.006035071737645059,0.012746271553815802,0.025726141078838083
2025-08-15,0.004855974240710159,0.009824539376628527,-0.010195898728376673,-0.01795240376936591,0.010113268608414216
2025-08-22,-0.009301278276232394,0.002906253885365917,0.00752314814814814,0.010246234915265218,0.013816579895875147
2025-08-29,-0.002744899208000473,-0.0004029071299065379,-0.005169442848937389,0.02411616974692521,-0.015208374481532783
2025-09-05,0.009922861150070128,0.003395085652275087,0.02263279445727484,0.04080862703178556,0.011833132771760901
2025-09-12,0.018400861021421466,0.015712873122798232,0.015695573622402925,0.013200422896843422,0.03587710604558958
2025-09-19,0.02163092762417773,0.009567849591579192,-0.010339077265147378,0.011209826486196395,0.014351320321469574
2025-09-26,-0.0056394427296238,-0.002832605092662366,-0.001348011682767769,0.02228905006191395,-0.005659309564233106
2025-10-03,0.01209792439216728,0.011166178114895287,0.005399325084364248,0.0314356578416104,0.02883703282109651
2025-10-10,-0.02267979707549972,-0.0241927048310695,0.013873349742671737,0.032099317749692435,-0.04222754932694084
2025-10-17,0.02447837150127219,0.017411411595356974,0.0064003531229308575,0.053830732553099336,0.043126684636118684
2025-10-24,0.021807163081814185,0.019356101085205912,0.002960526315789469,-0.029486619193295538,0.016980435585086884
2025-10-31,0.019397180359747246,0.007102251753414501,-0.012900404504208929,-0.02489934308116115,0.003629764065335772
2025-11-07,-0.030727899915748758,-0.016259566607043197,-0.007974305017167005,0.0005161360425947059,-0.013562386980108476
2025-11-14,-0.001443238101485833,0.0014307644156965615,-0.0078151166685273,0.02077054655046018,0.007516040329972551
2025-11-21,-0.0308609532569063,-0.019198428407721013,0.007089006413862897,-0.004495159059474396,-0.03384279475982532
